[
  { "name": "London", "lat": 51.5074, "lon": -0.1278, "tz": "Europe/London" },
  { "name": "Paris", "lat": 48.8566, "lon": 2.3522, "tz": "Europe/Paris" },
  {
    "name": "Amsterdam",
    "lat": 52.3676,
    "lon": 4.9041,
    "tz": "Europe/Amsterdam"
  },
  {
    "name": "Brussels",
    "lat": 50.8503,
    "lon": 4.3517,
    "tz": "Europe/Brussels"
  },
  { "name": "Frankfurt", "lat": 50.1109, "lon": 8.6821, "tz": "Europe/Berlin" },
  { "name": "Munich", "lat": 48.1351, "lon": 11.582, "tz": "Europe/Berlin" },
  { "name": "Berlin", "lat": 52.52, "lon": 13.405, "tz": "Europe/Berlin" },
  { "name": "Zurich", "lat": 47.3769, "lon": 8.5417, "tz": "Europe/Zurich" },
  { "name": "Vienna", "lat": 48.2082, "lon": 16.3738, "tz": "Europe/Vienna" },
  { "name": "Prague", "lat": 50.0755, "lon": 14.4378, "tz": "Europe/Prague" },
  { "name": "Warsaw", "lat": 52.2297, "lon": 21.0122, "tz": "Europe/Warsaw" },
  {
    "name": "Budapest",
    "lat": 47.4979,
    "lon": 19.0402,
    "tz": "Europe/Budapest"
  },
  {
    "name": "Copenhagen",
    "lat": 55.6761,
    "lon": 12.5683,
    "tz": "Europe/Copenhagen"
  },
  {
    "name": "Stockholm",
    "lat": 59.3293,
    "lon": 18.0686,
    "tz": "Europe/Stockholm"
  },
  { "name": "Oslo", "lat": 59.9139, "lon": 10.7522, "tz": "Europe/Oslo" },
  {
    "name": "Helsinki",
    "lat": 60.1699,
    "lon": 24.9384,
    "tz": "Europe/Helsinki"
  },
  { "name": "Dublin", "lat": 53.3498, "lon": -6.2603, "tz": "Europe/Dublin" },
  { "name": "Lisbon", "lat": 38.7223, "lon": -9.1393, "tz": "Europe/Lisbon" },
  { "name": "Madrid", "lat": 40.4168, "lon": -3.7038, "tz": "Europe/Madrid" },
  { "name": "Barcelona", "lat": 41.3851, "lon": 2.1734, "tz": "Europe/Madrid" },
  { "name": "Rome", "lat": 41.9028, "lon": 12.4964, "tz": "Europe/Rome" },
  { "name": "Milan", "lat": 45.4642, "lon": 9.19, "tz": "Europe/Rome" },
  { "name": "Athens", "lat": 37.9838, "lon": 23.7275, "tz": "Europe/Athens" },
  {
    "name": "Istanbul",
    "lat": 41.0082,
    "lon": 28.9784,
    "tz": "Europe/Istanbul"
  },
  { "name": "Ankara", "lat": 39.9334, "lon": 32.8597, "tz": "Europe/Istanbul" },
  {
    "name": "Tel Aviv",
    "lat": 32.0853,
    "lon": 34.7818,
    "tz": "Asia/Jerusalem"
  },
  { "name": "Cairo", "lat": 30.0444, "lon": 31.2357, "tz": "Africa/Cairo" },
  {
    "name": "Casablanca",
    "lat": 33.5731,
    "lon": -7.5898,
    "tz": "Africa/Casablanca"
  },
  { "name": "Algiers", "lat": 36.7538, "lon": 3.0588, "tz": "Africa/Algiers" },
  { "name": "Tunis", "lat": 36.8065, "lon": 10.1815, "tz": "Africa/Tunis" },
  {
    "name": "Rabat",
    "lat": 34.0209,
    "lon": -6.8416,
    "tz": "Africa/Casablanca"
  },
  {
    "name": "Cape Town",
    "lat": -33.9249,
    "lon": 18.4241,
    "tz": "Africa/Johannesburg"
  },
  {
    "name": "Johannesburg",
    "lat": -26.2041,
    "lon": 28.0473,
    "tz": "Africa/Johannesburg"
  },
  { "name": "Nairobi", "lat": -1.2921, "lon": 36.8219, "tz": "Africa/Nairobi" },
  {
    "name": "Addis Ababa",
    "lat": 8.9806,
    "lon": 38.7578,
    "tz": "Africa/Addis_Ababa"
  },
  { "name": "Lagos", "lat": 6.5244, "lon": 3.3792, "tz": "Africa/Lagos" },
  { "name": "Accra", "lat": 5.6037, "lon": -0.187, "tz": "Africa/Accra" },
  { "name": "Dubai", "lat": 25.2048, "lon": 55.2708, "tz": "Asia/Dubai" },
  { "name": "Abu Dhabi", "lat": 24.4539, "lon": 54.3773, "tz": "Asia/Dubai" },
  { "name": "Doha", "lat": 25.2854, "lon": 51.531, "tz": "Asia/Qatar" },
  { "name": "Riyadh", "lat": 24.7136, "lon": 46.6753, "tz": "Asia/Riyadh" },
  { "name": "Jeddah", "lat": 21.4858, "lon": 39.1925, "tz": "Asia/Riyadh" },
  { "name": "Tehran", "lat": 35.6892, "lon": 51.389, "tz": "Asia/Tehran" },
  { "name": "Karachi", "lat": 24.8607, "lon": 67.0011, "tz": "Asia/Karachi" },
  { "name": "Lahore", "lat": 31.5204, "lon": 74.3587, "tz": "Asia/Karachi" },
  { "name": "Islamabad", "lat": 33.6844, "lon": 73.0479, "tz": "Asia/Karachi" },
  { "name": "Delhi", "lat": 28.6139, "lon": 77.209, "tz": "Asia/Kolkata" },
  { "name": "Mumbai", "lat": 19.076, "lon": 72.8777, "tz": "Asia/Kolkata" },
  { "name": "Bengaluru", "lat": 12.9716, "lon": 77.5946, "tz": "Asia/Kolkata" },
  { "name": "Chennai", "lat": 13.0827, "lon": 80.2707, "tz": "Asia/Kolkata" },
  { "name": "Hyderabad", "lat": 17.385, "lon": 78.4867, "tz": "Asia/Kolkata" },
  { "name": "Kolkata", "lat": 22.5726, "lon": 88.3639, "tz": "Asia/Kolkata" },
  { "name": "Dhaka", "lat": 23.8103, "lon": 90.4125, "tz": "Asia/Dhaka" },
  {
    "name": "Kathmandu",
    "lat": 27.7172,
    "lon": 85.324,
    "tz": "Asia/Kathmandu"
  },
  { "name": "Colombo", "lat": 6.9271, "lon": 79.8612, "tz": "Asia/Colombo" },
  { "name": "Bangkok", "lat": 13.7563, "lon": 100.5018, "tz": "Asia/Bangkok" },
  {
    "name": "Singapore",
    "lat": 1.3521,
    "lon": 103.8198,
    "tz": "Asia/Singapore"
  },
  {
    "name": "Kuala Lumpur",
    "lat": 3.139,
    "lon": 101.6869,
    "tz": "Asia/Kuala_Lumpur"
  },
  { "name": "Jakarta", "lat": -6.2088, "lon": 106.8456, "tz": "Asia/Jakarta" },
  { "name": "Manila", "lat": 14.5995, "lon": 120.9842, "tz": "Asia/Manila" },
  {
    "name": "Hanoi",
    "lat": 21.0278,
    "lon": 105.8342,
    "tz": "Asia/Ho_Chi_Minh"
  },
  {
    "name": "Ho Chi Minh City",
    "lat": 10.8231,
    "lon": 106.6297,
    "tz": "Asia/Ho_Chi_Minh"
  },
  {
    "name": "Hong Kong",
    "lat": 22.3193,
    "lon": 114.1694,
    "tz": "Asia/Hong_Kong"
  },
  { "name": "Taipei", "lat": 25.033, "lon": 121.5654, "tz": "Asia/Taipei" },
  { "name": "Seoul", "lat": 37.5665, "lon": 126.978, "tz": "Asia/Seoul" },
  { "name": "Busan", "lat": 35.1796, "lon": 129.0756, "tz": "Asia/Seoul" },
  { "name": "Beijing", "lat": 39.9042, "lon": 116.4074, "tz": "Asia/Shanghai" },
  {
    "name": "Shanghai",
    "lat": 31.2304,
    "lon": 121.4737,
    "tz": "Asia/Shanghai"
  },
  {
    "name": "Shenzhen",
    "lat": 22.5431,
    "lon": 114.0579,
    "tz": "Asia/Shanghai"
  },
  {
    "name": "Guangzhou",
    "lat": 23.1291,
    "lon": 113.2644,
    "tz": "Asia/Shanghai"
  },
  { "name": "Tokyo", "lat": 35.6762, "lon": 139.6503, "tz": "Asia/Tokyo" },
  { "name": "Osaka", "lat": 34.6937, "lon": 135.5023, "tz": "Asia/Tokyo" },
  {
    "name": "Sydney",
    "lat": -33.8688,
    "lon": 151.2093,
    "tz": "Australia/Sydney"
  },
  {
    "name": "Melbourne",
    "lat": -37.8136,
    "lon": 144.9631,
    "tz": "Australia/Melbourne"
  },
  {
    "name": "Brisbane",
    "lat": -27.4698,
    "lon": 153.0251,
    "tz": "Australia/Brisbane"
  },
  {
    "name": "Perth",
    "lat": -31.9523,
    "lon": 115.8613,
    "tz": "Australia/Perth"
  },
  {
    "name": "Auckland",
    "lat": -36.8485,
    "lon": 174.7633,
    "tz": "Pacific/Auckland"
  },
  {
    "name": "Christchurch",
    "lat": -43.5321,
    "lon": 172.6362,
    "tz": "Pacific/Auckland"
  },
  {
    "name": "Toronto",
    "lat": 43.6532,
    "lon": -79.3832,
    "tz": "America/Toronto"
  },
  {
    "name": "Vancouver",
    "lat": 49.2827,
    "lon": -123.1207,
    "tz": "America/Vancouver"
  },
  {
    "name": "Montreal",
    "lat": 45.5019,
    "lon": -73.5674,
    "tz": "America/Toronto"
  },
  {
    "name": "Calgary",
    "lat": 51.0447,
    "lon": -114.0719,
    "tz": "America/Edmonton"
  },
  {
    "name": "Ottawa",
    "lat": 45.4215,
    "lon": -75.6972,
    "tz": "America/Toronto"
  },
  {
    "name": "Quebec City",
    "lat": 46.8139,
    "lon": -71.208,
    "tz": "America/Toronto"
  },
  {
    "name": "Mexico City",
    "lat": 19.4326,
    "lon": -99.1332,
    "tz": "America/Mexico_City"
  },
  {
    "name": "Guadalajara",
    "lat": 20.6597,
    "lon": -103.3496,
    "tz": "America/Mexico_City"
  },
  {
    "name": "Monterrey",
    "lat": 25.6866,
    "lon": -100.3161,
    "tz": "America/Monterrey"
  },
  {
    "name": "New York",
    "lat": 40.7128,
    "lon": -74.006,
    "tz": "America/New_York"
  },
  {
    "name": "Boston",
    "lat": 42.3601,
    "lon": -71.0589,
    "tz": "America/New_York"
  },
  {
    "name": "Washington, D.C.",
    "lat": 38.9072,
    "lon": -77.0369,
    "tz": "America/New_York"
  },
  {
    "name": "Philadelphia",
    "lat": 39.9526,
    "lon": -75.1652,
    "tz": "America/New_York"
  },
  {
    "name": "Miami",
    "lat": 25.7617,
    "lon": -80.1918,
    "tz": "America/New_York"
  },
  {
    "name": "Orlando",
    "lat": 28.5383,
    "lon": -81.3792,
    "tz": "America/New_York"
  },
  {
    "name": "Atlanta",
    "lat": 33.749,
    "lon": -84.388,
    "tz": "America/New_York"
  },
  {
    "name": "Chicago",
    "lat": 41.8781,
    "lon": -87.6298,
    "tz": "America/Chicago"
  },
  {
    "name": "Detroit",
    "lat": 42.3314,
    "lon": -83.0458,
    "tz": "America/Detroit"
  },
  {
    "name": "Minneapolis",
    "lat": 44.9778,
    "lon": -93.265,
    "tz": "America/Chicago"
  },
  { "name": "Dallas", "lat": 32.7767, "lon": -96.797, "tz": "America/Chicago" },
  {
    "name": "Houston",
    "lat": 29.7604,
    "lon": -95.3698,
    "tz": "America/Chicago"
  },
  {
    "name": "Austin",
    "lat": 30.2672,
    "lon": -97.7431,
    "tz": "America/Chicago"
  },
  {
    "name": "Denver",
    "lat": 39.7392,
    "lon": -104.9903,
    "tz": "America/Denver"
  },
  {
    "name": "Phoenix",
    "lat": 33.4484,
    "lon": -112.074,
    "tz": "America/Phoenix"
  },
  {
    "name": "Las Vegas",
    "lat": 36.1699,
    "lon": -115.1398,
    "tz": "America/Los_Angeles"
  },
  {
    "name": "Seattle",
    "lat": 47.6062,
    "lon": -122.3321,
    "tz": "America/Los_Angeles"
  },
  {
    "name": "Portland",
    "lat": 45.5152,
    "lon": -122.6784,
    "tz": "America/Los_Angeles"
  },
  {
    "name": "San Francisco",
    "lat": 37.7749,
    "lon": -122.4194,
    "tz": "America/Los_Angeles"
  },
  {
    "name": "Los Angeles",
    "lat": 34.0522,
    "lon": -118.2437,
    "tz": "America/Los_Angeles"
  },
  {
    "name": "San Diego",
    "lat": 32.7157,
    "lon": -117.1611,
    "tz": "America/Los_Angeles"
  },
  { "name": "Bogotá", "lat": 4.711, "lon": -74.0721, "tz": "America/Bogota" },
  { "name": "Lima", "lat": -12.0464, "lon": -77.0428, "tz": "America/Lima" },
  {
    "name": "Santiago",
    "lat": -33.4489,
    "lon": -70.6693,
    "tz": "America/Santiago"
  },
  {
    "name": "Buenos Aires",
    "lat": -34.6037,
    "lon": -58.3816,
    "tz": "America/Argentina/Buenos_Aires"
  },
  {
    "name": "Montevideo",
    "lat": -34.9011,
    "lon": -56.1645,
    "tz": "America/Montevideo"
  },
  {
    "name": "Rio de Janeiro",
    "lat": -22.9068,
    "lon": -43.1729,
    "tz": "America/Sao_Paulo"
  },
  {
    "name": "São Paulo",
    "lat": -23.5505,
    "lon": -46.6333,
    "tz": "America/Sao_Paulo"
  },
  {
    "name": "Brasília",
    "lat": -15.7939,
    "lon": -47.8828,
    "tz": "America/Sao_Paulo"
  },
  {
    "name": "Belo Horizonte",
    "lat": -19.9167,
    "lon": -43.9345,
    "tz": "America/Sao_Paulo"
  }
]
